{"info":{"_postman_id":"0042ed1d-f572-4b67-bbc4-e303e1bacbfd","name":"TP MI Log","schema":"https://schema.getpostman.com/json/collection/v2.1.0/collection.json"},"item":[{"name":"UAT Testing","id":"91ea10a9-b6eb-4490-bd61-32a8125a234d","protocolProfileBehavior":{"disableBodyPruning":true},"request":{"method":"POST","header":[{"key":"X-HSBC-CAM-Level","value":"30","type":"text"},{"key":"X-HSBC-User-Id","value":"C1234567890","type":"text"},{"key":"X-HSBC-IP-Id","value":"C1234567890","type":"text"},{"key":"X-HSBC-Src-Device-Id","value":"192.168.1.1","type":"text"},{"key":"X-HSBC-Chnl-Group-Member","value":"HBAP","type":"text"},{"key":"X-HSBC-Channel-Id","value":"OHI","type":"text"},{"key":"X-HSBC-Locale","value":"en-GB","type":"text"},{"key":"X-HSBC-Session-Correlation-Id","value":"5VrSj_4R4moikGXNuQksVdm","type":"text"},{"key":"X-HSBC-Chnl-CountryCode","value":"HK","type":"text"},{"key":"X-HSBC-Request-Correlation-Id","value":"93e91580-18ee-11e9-b7a3-005056a6108d","type":"text"},{"key":"X-HSBC-Src-UserAgent","value":"Mozilla/5.0   (Windows NT 6.1; Win64; x64; rv:47.0) Gecko/20100101 Firefox/47.0","type":"text"},{"key":"Content-Type","value":"application/json","type":"text","disabled":true}],"body":{"mode":"raw","raw":"{\r\n    \"operationId\": \"POST /demostic/tranfers\",\r\n    \"serviceId\": \"dcc-mvmny-domestic-transfers-papi\",\r\n    \"eventId\": \"MPF_ACCT_SUMMARY\",\r\n    \"application\": \"MPF\",\r\n    \"eventTimestamp\": \"2018-12-13T11:36:31.858Z\",\r\n    \"eventData\": {\r\n        \"eventStatus\": \"200\",\r\n        \"DERRORCODE\": \"\",\r\n        \"ERRORDETAIL\": \"\",\r\n        \"ERRORTYPE\": \"\"\r\n    }\r\n}","options":{"raw":{"language":"json"}}},"url":{"raw":"https://platform-mi-logging--zz-v1-cert.apps.cf.wgdc-drn-03.cloud.uk.hsbc/api/event","protocol":"https","host":["platform-mi-logging--zz-v1-cert","apps","cf","wgdc-drn-03","cloud","uk","hsbc"],"path":["api","event"]}},"response":[]},{"name":"MI Logging testing","id":"c07a2f04-0048-4f2c-a96d-e95fd1b88be6","protocolProfileBehavior":{"disableBodyPruning":true},"request":{"method":"POST","header":[{"key":"X-HSBC-CAM-Level","value":"30","type":"text"},{"key":"X-HSBC-User-Id","value":"C1234567890","type":"text"},{"key":"X-HSBC-IP-Id","value":"C1234567890","type":"text"},{"key":"X-HSBC-Src-Device-Id","value":"192.168.1.1","type":"text"},{"key":"X-HSBC-Chnl-Group-Member","value":"HBAP","type":"text"},{"key":"X-HSBC-Channel-Id","value":"OHI","type":"text"},{"key":"X-HSBC-Locale","value":"en-GB","type":"text"},{"key":"X-HSBC-Session-Correlation-Id","value":"5VrSj_4R4moikGXNuQksVdm","type":"text"},{"key":"X-HSBC-Chnl-CountryCode","value":"HK","type":"text"},{"key":"X-HSBC-Request-Correlation-Id","value":"93e91580-18ee-11e9-b7a3-005056a6108d","type":"text"},{"key":"X-HSBC-Src-UserAgent","value":"Mozilla/5.0   (Windows NT 6.1; Win64; x64; rv:47.0) Gecko/20100101 Firefox/47.0","type":"text"}],"body":{"mode":"raw","raw":"{\r\n    \"operationId\": \"POST /demostic/tranfers\",\r\n    \"serviceId\": \"dcc-mvmny-domestic-transfers-papi\",\r\n    \"eventId\": \"MPF_ACCT_SUMMARY\",\r\n    \"application\": \"MPF\",\r\n    \"eventTimestamp\": \"2018-12-13T11:36:31.858Z\",\r\n    \"eventData\": {\r\n        \"eventStatus\": \"200\",\r\n        \"DERRORCODE\": \"\",\r\n        \"ERRORDETAIL\": \"\",\r\n        \"ERRORTYPE\": \"\"\r\n    }\r\n}","options":{"raw":{"language":"json"}}},"url":{"raw":"https://platform-mi-logging--zz-v1-cert.cf.wgdc-drn-01.cloud.uk.hsbc/api/event","protocol":"https","host":["platform-mi-logging--zz-v1-cert","cf","wgdc-drn-01","cloud","uk","hsbc"],"path":["api","event"]}},"response":[]}]}