{"info":{"_postman_id":"adfd8f21-6d46-4570-b89d-657325eb33f7","name":"Falcon-Others","schema":"https://schema.getpostman.com/json/collection/v2.1.0/collection.json"},"item":[{"name":"Config-Server","item":[{"name":"UAT_encrypt_cipher","id":"80330770-7774-478c-83a8-975c1895414a","protocolProfileBehavior":{"disableBodyPruning":true},"request":{"method":"POST","header":[],"body":{"mode":"raw","raw":""},"url":{"raw":"https://mpf-config-app-oat.apps.cf.skm-drn-02.cloud.hk.hsbc/encrypt","protocol":"https","host":["mpf-config-app-oat","apps","cf","skm-drn-02","cloud","hk","hsbc"],"path":["encrypt"]}},"response":[]},{"name":"Prod_encrypt_cipher","id":"c7914f6e-a35b-40d2-99dd-44fda99e8561","protocolProfileBehavior":{"disableBodyPruning":true},"request":{"method":"POST","header":[],"body":{"mode":"raw","raw":"123"},"url":{"raw":"https://mpf-config-app-hsbc-prod.apps.cf.tko-drn-101.cloud.hk.hsbc/encrypt","protocol":"https","host":["mpf-config-app-hsbc-prod","apps","cf","tko-drn-101","cloud","hk","hsbc"],"path":["encrypt"]}},"response":[]}],"id":"ed63c9db-669f-4382-a604-2dd9132ddb67"},{"name":"MI Log UAT-Testing","id":"51188462-341a-4e4f-bba8-3caa21463ef3","protocolProfileBehavior":{"disableBodyPruning":true},"request":{"method":"POST","header":[{"key":"X-HSBC-CAM-Level","value":"30","type":"text"},{"key":"X-HSBC-User-Id","value":"C1234567890","type":"text"},{"key":"X-HSBC-IP-Id","value":"C1234567890","type":"text"},{"key":"X-HSBC-Src-Device-Id","value":"192.168.1.1","type":"text"},{"key":"X-HSBC-Chnl-Group-Member","value":"HBAP","type":"text"},{"key":"X-HSBC-Channel-Id","value":"OHI","type":"text"},{"key":"X-HSBC-Locale","value":"en-GB","type":"text"},{"key":"X-HSBC-Session-Correlation-Id","value":"5VrSj_4R4moikGXNuQksVdm","type":"text"},{"key":"X-HSBC-Chnl-CountryCode","value":"HK","type":"text"},{"key":"X-HSBC-Request-Correlation-Id","value":"93e91580-18ee-11e9-b7a3-005056a6108d","type":"text"},{"key":"X-HSBC-Src-UserAgent","value":"Mozilla/5.0   (Windows NT 6.1; Win64; x64; rv:47.0) Gecko/20100101 Firefox/47.0","type":"text"},{"key":"Content-Type","value":"application/json","type":"text","disabled":true}],"body":{"mode":"raw","raw":"{\r\n    \"operationId\": \"POST /demostic/tranfers\",\r\n    \"serviceId\": \"dcc-mvmny-domestic-transfers-papi\",\r\n    \"eventId\": \"MPF_ACCT_SUMMARY\",\r\n    \"application\": \"MPF\",\r\n    \"eventTimestamp\": \"2018-12-13T11:36:31.858Z\",\r\n    \"eventData\": {\r\n        \"eventStatus\": \"200\",\r\n        \"DERRORCODE\": \"\",\r\n        \"ERRORDETAIL\": \"\",\r\n        \"ERRORTYPE\": \"\"\r\n    }\r\n}","options":{"raw":{"language":"json"}}},"url":{"raw":"https://platform-mi-logging--zz-v1-cert.apps.cf.wgdc-drn-03.cloud.uk.hsbc/api/event","protocol":"https","host":["platform-mi-logging--zz-v1-cert","apps","cf","wgdc-drn-03","cloud","uk","hsbc"],"path":["api","event"]}},"response":[]},{"name":"External_HKID_API","id":"4933b3f6-32c5-49f5-8473-09daa5af9297","protocolProfileBehavior":{"disableBodyPruning":true},"request":{"method":"GET","header":[{"key":"X-Hsbc-Cam-Level","type":"text","value":"30"},{"key":"X-Hsbc-User-Id","type":"text","value":"{{user-id}}"},{"key":"X-Hsbc-Locale","type":"text","value":"en"},{"key":"X-Hsbc-Request-Correlation-Id","type":"text","value":"b0f52770-7b74-11e9-8e68-005056a671de"},{"key":"X-Hsbc-Channel-Id","type":"text","value":"MOBILE"},{"key":"X-Hsbc-Ip-Id","type":"text","value":"203.112.87.138"},{"key":"Content-Type","type":"text","value":"application/json"},{"key":"X-Hsbc-Chnl-Group-Member","type":"text","value":"HBAP"},{"key":"X-Hsbc-Src-Device-Id","type":"text","value":"203.112.82.2"},{"key":"X-Hsbc-Src-Useragent","type":"text","value":"PostmanRuntime/7.4.0"},{"key":"X-Hsbc-Session-Correlation-Id","type":"text","value":"O4PHOUwpCiZC6_Bw_6cu-Ur"},{"key":"X-Hsbc-Chnl-Countrycode","type":"text","value":"HK"},{"key":"X-Hsbc-Saml","type":"text","value":"{{saml}}"},{"key":"X-HSBC-Client-Id","type":"text","value":"3c8f4a3493c5411f9b30eab6779503b6"},{"key":"X-HSBC-Client-Secret","type":"text","value":"42bAE048197f46da8109cA6ebeeB1676"}],"url":{"raw":"https://customer-identifiers--ssg-hk-hbap-v2-cert.apps.cf.wgdc-drn-03.cloud.uk.hsbc/api/customers/{{user-id}}/customer-identifiers","protocol":"https","host":["customer-identifiers--ssg-hk-hbap-v2-cert","apps","cf","wgdc-drn-03","cloud","uk","hsbc"],"path":["api","customers","{{user-id}}","customer-identifiers"]}},"response":[]},{"name":"External_CUS_API","event":[{"listen":"test","script":{"id":"e7a82fa5-d317-4f22-b42b-cc35c3c25ae4","exec":["// console.info(responseBody);\r","var response = JSON.parse(responseBody);\r","\r","// set userId\r","var lastName = response.individualDetail.name.lastName;\r","var firstName = response.individualDetail.name.firstName;\r","console.info(firstName+\" \"+lastName);\r","\r","var birthDate = response.individualDetail.birthDate;\r","console.info(birthDate.replace(/-/g,\"\"));\r","\r","\r","var hkid =response.identificationDetails[0].identityDocumentIdentifier;\r","\r","\r","console.info(hkid);\r","\r","\r","var cnName = response.individualDetail.name.aliasNames[0].aliasName;\r","console.info(cnName);"],"type":"text/javascript"}}],"id":"2638b0ce-0459-40e1-a3a9-e465bcca1b2e","protocolProfileBehavior":{"disableBodyPruning":true},"request":{"method":"GET","header":[{"key":"X-Hsbc-Cam-Level","type":"text","value":"30"},{"key":"X-Hsbc-User-Id","type":"text","value":"HK00150263200101"},{"key":"X-Hsbc-Locale","type":"text","value":"en"},{"key":"X-Hsbc-Request-Correlation-Id","type":"text","value":"b0f52770-7b74-11e9-8e68-005056a671de"},{"key":"X-Hsbc-Channel-Id","type":"text","value":"MOBILE"},{"key":"X-Hsbc-Ip-Id","type":"text","value":"203.112.87.138"},{"key":"Content-Type","type":"text","value":"application/json"},{"key":"X-Hsbc-Chnl-Group-Member","type":"text","value":"HBAP"},{"key":"X-Hsbc-Src-Device-Id","type":"text","value":"203.112.82.2"},{"key":"X-Hsbc-Src-Useragent","type":"text","value":"PostmanRuntime/7.4.0"},{"key":"X-Hsbc-Session-Correlation-Id","type":"text","value":"O4PHOUwpCiZC6_Bw_6cu-Ur"},{"key":"X-Hsbc-Chnl-Countrycode","type":"text","value":"HK"},{"key":"X-Hsbc-Saml","type":"text","value":"{{saml}}"},{"key":"X-HSBC-Client-Id","type":"text","value":"3c8f4a3493c5411f9b30eab6779503b6"},{"key":"X-HSBC-Client-Secret","type":"text","value":"42bAE048197f46da8109cA6ebeeB1676"},{"key":"X-HSBC-Global-Channel-Id","value":"MOBILE","type":"text"},{"key":"Accept-Language","value":"EN","type":"text"},{"key":"X-HSBC-Source-System-Id","value":"242049_O68","type":"text"}],"url":{"raw":"https://mmr-customer-information--hk-hbap-int-2.hsbc-dsvc-papi-hk01-hbap-cert.svc.default.shp.ape1.pre-prod.aws.cloud.hsbc/customer-personal-information","protocol":"https","host":["mmr-customer-information--hk-hbap-int-2","hsbc-dsvc-papi-hk01-hbap-cert","svc","default","shp","ape1","pre-prod","aws","cloud","hsbc"],"path":["customer-personal-information"]}},"response":[]},{"name":"{{hostname}}/v2/cus-personal-info?language=tc","event":[{"listen":"test","script":{"id":"7fe35557-2141-4423-b2ad-3dcb8b7864e3","exec":["pm.test(\"Status code is 200\", function () {\r","    pm.response.to.have.status(200);\r","});\r","\r","console.info(responseBody);"],"type":"text/javascript"}}],"id":"17b9e82e-bbb7-45e6-95ea-6f7b2e2d105c","protocolProfileBehavior":{"disableBodyPruning":true},"request":{"method":"GET","header":[{"key":"X-Hsbc-Cam-Level","type":"text","value":"{{cam-level}}"},{"key":"X-Hsbc-User-Id","type":"text","value":"{{user-id}}"},{"key":"X-Hsbc-Locale","type":"text","value":"{{locale}}"},{"key":"X-Hsbc-Request-Correlation-Id","type":"text","value":"{{$randomUUID}}"},{"key":"X-Hsbc-Channel-Id","type":"text","value":"{{channel-id}}"},{"key":"X-Hsbc-Ip-Id","type":"text","value":"{{ip-id}}"},{"key":"Content-Type","type":"text","value":"{{content-type}}"},{"key":"X-Hsbc-Chnl-Group-Member","type":"text","value":"{{chnl-group-member}}"},{"key":"X-Hsbc-Src-Device-Id","type":"text","value":"{{src-device-id}}"},{"key":"X-Hsbc-Src-Useragent","type":"text","value":"{{user-agent}}"},{"key":"X-Hsbc-Session-Correlation-Id","type":"text","value":"{{session-correlation-id}}"},{"key":"X-Hsbc-Chnl-Countrycode","type":"text","value":"{{Chnl-Countrycode}}"},{"key":"X-Hsbc-Saml","type":"text","value":"{{saml}}"},{"key":"X-MPF-Acct-No","value":"{{account-num}}","type":"text","disabled":true}],"url":{"raw":"{{hostname}}/v2/cus-personal-info?language=tc","host":["{{hostname}}"],"path":["v2","cus-personal-info"],"query":[{"key":"language","value":"tc"}]}},"response":[]}]}