{"info":{"_postman_id":"ba2b9549-08a5-4fbf-ac81-424ed1d64483","name":"Ttest","schema":"https://schema.getpostman.com/json/collection/v2.1.0/collection.json"},"item":[{"name":"hase-mct-sAPI-configure","id":"cd5c3073-e1a1-4996-8a8a-ebe018ec3916","protocolProfileBehavior":{"disableBodyPruning":true},"request":{"method":"GET","header":[{"key":"X-Hsbc-Cam-Level","value":"{{cam-level}}","type":"text"},{"key":"X-Hsbc-User-Id","value":"{{user-id}}","type":"text"},{"key":"X-Hsbc-Locale","value":"{{locale}}","type":"text"},{"key":"X-Hsbc-Request-Correlation-Id","value":"{{$randomUUID}}","type":"text"},{"key":"X-Hsbc-Channel-Id","value":"{{channel-id}}","type":"text"},{"key":"X-Hsbc-Ip-Id","value":"{{ip-id}}","type":"text"},{"key":"Content-Type","value":"{{content-type}}","type":"text"},{"key":"X-Hsbc-Chnl-Group-Member","value":"{{chnl-group-member}}","type":"text"},{"key":"X-Hsbc-Src-Device-Id","value":"{{src-device-id}}","type":"text"},{"key":"X-Hsbc-Src-Useragent","value":"{{user-agent}}","type":"text"},{"key":"X-Hsbc-Session-Correlation-Id","value":"{{session-correlation-id}}","type":"text"},{"key":"X-Hsbc-Chnl-Countrycode","value":"{{Chnl-Countrycode}}","type":"text"},{"key":"X-Hsbc-Saml3","value":"{{saml}}","type":"text"},{"key":"x-hase-membership-num","value":"{{hase-membership-num}}","type":"text"},{"key":"x-hase-hk-id-type","value":"{{hase-id-type}}","type":"text"},{"key":"x-hase-hk-id","value":"{{hase-hkid}}","type":"text"},{"key":"X-Hsbc-Hk-Id-Key","value":"{{hkid-key}}","type":"text"},{"key":"X-MPF-Acct-No","value":"{{account_num}}","type":"text"}],"url":{"raw":"https://mpf-member-app-customer-channel-hase-prod.cf.cloud.hk.hsbc/v2/configure?configureTypes=","protocol":"https","host":["mpf-member-app-customer-channel-hase-prod","cf","cloud","hk","hsbc"],"path":["v2","configure"],"query":[{"key":"configureTypes","value":""}]}},"response":[]}]}