{"info":{"_postman_id":"c13dd4c4-7258-4839-a9ec-f6e974b5439d","name":"Other - Encrypt","schema":"https://schema.getpostman.com/json/collection/v2.1.0/collection.json"},"item":[{"name":"UAT_encrypt_cipher","id":"fe4197c5-3af1-44f6-ad70-ba13c15de598","protocolProfileBehavior":{"disableBodyPruning":true},"request":{"method":"POST","header":[],"body":{"mode":"raw","raw":""},"url":{"raw":"https://mpf-config-app-oat.apps.cf.skm-drn-02.cloud.hk.hsbc/encrypt","protocol":"https","host":["mpf-config-app-oat","apps","cf","skm-drn-02","cloud","hk","hsbc"],"path":["encrypt"]}},"response":[]},{"name":"Prod_encrypt_cipher","id":"1e1ab190-4370-40fe-aa2c-3dce2ab59de1","protocolProfileBehavior":{"disableBodyPruning":true},"request":{"method":"POST","header":[],"body":{"mode":"raw","raw":"123"},"url":{"raw":"https://mpf-config-app-hsbc-prod.apps.cf.tko-drn-101.cloud.hk.hsbc/encrypt","protocol":"https","host":["mpf-config-app-hsbc-prod","apps","cf","tko-drn-101","cloud","hk","hsbc"],"path":["encrypt"]}},"response":[]}]}