{"info":{"_postman_id":"e975c8a6-33bf-448e-b666-34b468a0165c","name":"PIB-gen-perm-net-id-by-profile","schema":"https://schema.getpostman.com/json/collection/v2.1.0/collection.json"},"item":[{"name":"AnonymousCommsToken","event":[{"listen":"test","script":{"id":"94aeb191-4545-41be-83bc-52da894a0e0f","exec":["var response = JSON.parse(responseBody);","postman.setEnvironmentVariable(\"artifact_id\", response.artifactId);","postman.setEnvironmentVariable(\"assertion_id\", response.assertionId);",""],"type":"text/javascript"}}],"id":"2bc93d46-37c8-4f28-84d1-c914236aac15","protocolProfileBehavior":{"disableBodyPruning":true},"request":{"method":"GET","header":[{"key":"client_id","value":"{{client_id}}"},{"key":"client_secret","value":"{{client_secret}}"}],"url":{"raw":"https://{{api_gateway}}{{ussr_proxy}}/anonymousCommsToken?locale={{locale}}&channelId={{channel_id}}&countryCode={{country_code}}&groupMemberCode={{group_member_code}}&requestedURI=logon&icLaunchBAckURL=please.help.me&functionName=Saas_Authentication&targetCAMLevel=30&nextPage=SAAS30RESOURCE","protocol":"https","host":["{{api_gateway}}{{ussr_proxy}}"],"path":["anonymousCommsToken"],"query":[{"key":"locale","value":"{{locale}}"},{"key":"channelId","value":"{{channel_id}}"},{"key":"countryCode","value":"{{country_code}}"},{"key":"groupMemberCode","value":"{{group_member_code}}"},{"key":"requestedURI","value":"logon"},{"key":"icLaunchBAckURL","value":"please.help.me"},{"key":"functionName","value":"Saas_Authentication"},{"key":"targetCAMLevel","value":"30"},{"key":"nextPage","value":"SAAS30RESOURCE"}]}},"response":[]},{"name":"SaaSSecurityCommand","id":"78621a71-027d-410c-b9ea-6bd210fa043a","protocolProfileBehavior":{"disableBodyPruning":true},"request":{"method":"POST","header":[{"key":"Content-Type","value":"application/x-www-form-urlencoded"}],"body":{"mode":"urlencoded","urlencoded":[{"key":"SAAS_TOKEN_ASSERTION_ID","value":"{{assertion_id}}","type":"text"},{"key":"SAAS_TOKEN_ID","value":"{{artifact_id}}","type":"text"},{"key":"__initialAccess","value":"true","type":"text"},{"key":"__initialLogon","value":"true","type":"text"},{"key":"__locale","value":"{{locale}}","type":"text"},{"key":"ver","value":"1.1","type":"text"}]},"url":{"raw":"https://{{saas_ip}}/gsa?idv_cmd=idv.SaaSSecurityCommand&CHANNEL={{channel_id}}","protocol":"https","host":["{{saas_ip}}"],"path":["gsa"],"query":[{"key":"idv_cmd","value":"idv.SaaSSecurityCommand"},{"key":"CHANNEL","value":"{{channel_id}}"}]}},"response":[]},{"name":"UserName","event":[{"listen":"test","script":{"id":"d2a452c5-7b9f-45fe-9443-c789bf798e98","exec":["var response = JSON.parse(responseBody);","var rccDigits = response.body.rccDigits.split(\",\");","var rcc_password = postman.getEnvironmentVariable(\"rcc_password\");","for (var i = 0; i < rccDigits.length; ++i) {","    rccDigits[i] = rcc_password.charAt(rccDigits[i] - 1);","}","postman.setEnvironmentVariable(\"rcc_answer\", rccDigits.join(\"\"));"],"type":"text/javascript"}}],"id":"054e1c6f-90c1-45a8-8938-beb87f9a07ec","protocolProfileBehavior":{"disableBodyPruning":true},"request":{"method":"POST","header":[{"key":"Content-Type","name":"Content-Type","value":"application/x-www-form-urlencoded","type":"text"}],"body":{"mode":"urlencoded","urlencoded":[{"key":"initialAccess","value":"true","type":"text"},{"key":"userid","value":"{{login_username}}","type":"text"},{"key":"cookieuserid","value":"false","type":"text"},{"key":"ver","value":"1.1","type":"text"},{"key":"json","value":"","type":"text"},{"key":"__locale","value":"{{locale}}","type":"text"}]},"url":{"raw":"https://{{saas_ip}}/gsa/?CHANNEL={{channel_id}}&idv_cmd=idv.Authentication&nextPage=MOBILE_CAM10_AUTHENTICATION","protocol":"https","host":["{{saas_ip}}"],"path":["gsa",""],"query":[{"key":"CHANNEL","value":"{{channel_id}}"},{"key":"idv_cmd","value":"idv.Authentication"},{"key":"nextPage","value":"MOBILE_CAM10_AUTHENTICATION"}]}},"response":[]},{"name":"AuthenticateAtMSFCommand","event":[{"listen":"test","script":{"id":"8a70abd3-cd86-4ef3-978f-ede5089b7a31","exec":[""],"type":"text/javascript"}}],"id":"314ee63a-93bc-49dc-ae91-cb0aefb87a8f","protocolProfileBehavior":{"disableBodyPruning":true},"request":{"method":"POST","header":[],"body":{"mode":"raw","raw":""},"url":{"raw":"https://{{saas_ip}}/gsa/CAM10AuthenticationIP?CHANNEL={{channel_id}}&idv_cmd=idv.AuthenticateAtMSFCommand&nextPage=MOBILE_CAM3040_FIRST","protocol":"https","host":["{{saas_ip}}"],"path":["gsa","CAM10AuthenticationIP"],"query":[{"key":"CHANNEL","value":"{{channel_id}}"},{"key":"AuthAtMax","value":"true","description":"for CAM40","disabled":true},{"key":"idv_cmd","value":"idv.AuthenticateAtMSFCommand"},{"key":"nextPage","value":"MOBILE_CAM3040_FIRST"}]}},"response":[]},{"name":"Password","event":[{"listen":"test","script":{"id":"e282424d-eb4f-4b3e-8368-b9299281a95b","exec":[""],"type":"text/javascript"}}],"id":"7654a194-ab36-436d-b40a-5cd01d9a8abe","protocolProfileBehavior":{"disableBodyPruning":true},"request":{"method":"POST","header":[{"key":"Content-Type","name":"Content-Type","value":"application/x-www-form-urlencoded","type":"text"}],"body":{"mode":"urlencoded","urlencoded":[{"key":"memorableAnswer","value":"{{memorable}}","type":"text"},{"key":"idv_OtpCredential","value":"416634","description":"for CAM40","type":"text","disabled":true},{"key":"__logonFlag","value":"true","type":"text"},{"key":"password","value":"{{rcc_answer}}","type":"text"}]},"url":{"raw":"https://{{saas_ip}}/gsa/?CHANNEL={{channel_id}}&idv_cmd=idv.Authentication&nextPage=MOBILE_CAM30_AUTHENTICATION&__flag_logon_timeout=Y&devicestatus=true","protocol":"https","host":["{{saas_ip}}"],"path":["gsa",""],"query":[{"key":"CHANNEL","value":"{{channel_id}}"},{"key":"idv_cmd","value":"idv.Authentication"},{"key":"nextPage","value":"MOBILE_CAM30_AUTHENTICATION"},{"key":"__flag_logon_timeout","value":"Y"},{"key":"devicestatus","value":"true"}]}},"response":[]},{"name":"SaaSMobileLogoutCAM0Resource","event":[{"listen":"test","script":{"id":"6d9a80ee-5166-4178-bd45-fb1a59810c48","exec":["var response = JSON.parse(responseBody);","postman.setEnvironmentVariable(\"saas_token_id\", response.body.SAAS_TOKEN_ID);",""],"type":"text/javascript"}}],"id":"bc2fad67-9931-4f16-8935-7b5f14ffcc8b","protocolProfileBehavior":{"disableBodyPruning":true},"request":{"method":"POST","header":[{"key":"Content-Type","value":"application/x-www-form-urlencoded"}],"body":{"mode":"urlencoded","urlencoded":[{"key":"json","value":"","type":"text"},{"key":"ver","value":"1.1","type":"text"},{"key":"devtype","value":"M","type":"text"},{"key":"platform","value":"A","type":"text"}]},"url":{"raw":"https://{{saas_ip}}/gsa/SaaSMobileLogoutCAM0Resource/?CHANNEL={{channel_id}}","protocol":"https","host":["{{saas_ip}}"],"path":["gsa","SaaSMobileLogoutCAM0Resource",""],"query":[{"key":"CHANNEL","value":"{{channel_id}}"}]}},"response":[]},{"name":"SecureCommsToken","event":[{"listen":"test","script":{"id":"ff1855d5-6e1a-44af-8d7b-bc2d155be51f","exec":["var token = postman.getResponseHeader(\"x-authtoken\");","pm.environment.set(\"tp-token\", token);","","// set saml token","pm.environment.set(\"saml\", responseBody);","console.info(responseBody);","","// set userId","var saml_obj = xml2Json(responseBody);","var userId = saml_obj[\"saml:Assertion\"][\"saml:Subject\"][\"saml:NameID\"];","console.info(\"user-id: \"+userId);","pm.environment.set(\"user-id\", userId)",""],"type":"text/javascript"}}],"id":"f4e8d5b0-9ae3-4877-832e-09837284ac4f","protocolProfileBehavior":{"disableBodyPruning":true},"request":{"method":"POST","header":[{"key":"Content-Type","value":"application/json"},{"key":"client_id","value":"{{client_id}}"},{"key":"client_secret","value":"{{client_secret}}"}],"body":{"mode":"raw","raw":"{\n\t\"groupMemberCode\": \"{{group_member_code}}\",\n\t\"countryCode\": \"{{country_code}}\",\n\t\"channelId\": \"{{channel_id}}\",\n\t\"secureCommsToken\": \"{{saas_token_id}}\"\n}\n"},"url":{"raw":"https://{{api_gateway}}{{ussr_proxy}}/secureCommsToken/validate","protocol":"https","host":["{{api_gateway}}{{ussr_proxy}}"],"path":["secureCommsToken","validate"]}},"response":[]}],"event":[{"listen":"prerequest","script":{"id":"c9da2aa0-f869-4400-bc32-ec1f66885b55","type":"text/javascript","exec":[""]}},{"listen":"test","script":{"id":"c689de88-59f8-4933-aeb7-01ad7d35c27e","type":"text/javascript","exec":[""]}}]}