{"id":"2a65f826-41d6-43af-9edb-d2a3a35a5888","name":"mobilex-login-mod-username","values":[{"key":"artifact_id","value":"SUMXtiIekyDxZTbSUULI%2Fo5gaEc%3D","enabled":true},{"key":"assertion_id","value":"RlR4ajRtY0xiQ3ZGOEFaakNKbVc5Z3I3VEpNPTxzYW1sOkFzc2VydGlvbiB4bWxuczpzYW1sPSJo%0D%0AdHRwOi8vd3d3LmhzYmMuY29tL3NhYXMvZ3NtL2Fzc2VydGlvbiI%2BPHNhbWw6U2lnbmF0dXJlPjxz%0D%0AYW1sOktleUFsaWFzPlNBQVNfTkEwMV9SNS5JUF9TQUFTX05BMDFfUjU8L3NhbWw6S2V5QWxpYXM%2B%0D%0APHNhbWw6U2lnbmF0dXJlVmFsdWU%2BVTUrVmNUOFNhWEU2dkdSRmM2K2VjTzUwazJZPTwvc2FtbDpT%0D%0AaWduYXR1cmVWYWx1ZT48L3NhbWw6U2lnbmF0dXJlPjxzYW1sOlN1YmplY3Q%2BPHNhbWw6TmFtZUlE%0D%0APlNVTVh0aUlla3lEeFpUYlNVVUxJL281Z2FFYz08L3NhbWw6TmFtZUlEPjwvc2FtbDpTdWJqZWN0%0D%0APjxzYW1sOkNvbmRpdGlvbnMgTm90QmVmb3JlPSIyMDE4LTA1LTI5VDA3OjA1OjE0LjUyOFVUQyIg%0D%0ATm90T25PckFmdGVyPSIyMDE4LTA1LTI5VDA3OjA1OjQ0LjUyOFVUQyIgLz48c2FtbDpBdHRyaWJ1%0D%0AdGVTdGF0ZW1lbnQ%2BPHNhbWw6QXR0cmlidXRlIE5hbWU9Ik9yaWdpbkZlZGVyYXRpb25OYW1lIiBW%0D%0AYWx1ZT0iU0FBU19OQTAxX1I1Ii8%2BPHNhbWw6QXR0cmlidXRlIE5hbWU9Ik9yaWdpbkFwcGxpY2F0%0D%0AaW9uTmFtZSIgVmFsdWU9IlVTU1JfU0FBU19OQTAxX1I1Ii8%2BPHNhbWw6QXR0cmlidXRlIE5hbWU9%0D%0AIk9yaWdpbkVudGl0eU5hbWUiIFZhbHVlPSJDQV9IS0JDIi8%2BPHNhbWw6QXR0cmlidXRlIE5hbWU9%0D%0AIkRlc3RGZWRlcmF0aW9uTmFtZSIgVmFsdWU9IlNBQVNfTkEwMV9SNSIvPjxzYW1sOkF0dHJpYnV0%0D%0AZSBOYW1lPSJEZXN0QXBwbGljYXRpb25OYW1lIiBWYWx1ZT0iSVBfU0FBU19OQTAxX1I1Ii8%2BPHNh%0D%0AbWw6QXR0cmlidXRlIE5hbWU9IkRlc3RFbnRpdHlOYW1lIiBWYWx1ZT0iQ0FfSEtCQyIvPjxzYW1s%0D%0AOkF0dHJpYnV0ZSBOYW1lPSJQQVJBTV9ERVNUU2FhU0lDTGF1bmNoQmFja1VSTCIgVmFsdWU9ImFI%0D%0AUjBjSE02THk5a1pYWmpiSFZ6ZEdWeUxtRndhUzV3TW1jdWJtVjBaREl1YUhOaVl5NWpiMjB1YUdz%0D%0APSIvPjxzYW1sOkF0dHJpYnV0ZSBOYW1lPSJQQVJBTV9ERVNUcmVxdWVzdGVkVVJJIiBWYWx1ZT0i%0D%0AYUhSMGNITTZMeTlrWlhaamJIVnpkR1Z5TG1Gd2FTNXdNbWN1Ym1WMFpESXVhSE5pWXk1amIyMHVh%0D%0AR3M9Ii8%2BPHNhbWw6QXR0cmlidXRlIE5hbWU9IlBBUkFNX0RFU1RTYWFTX0ZVTkNUSU9OX05BTUUi%0D%0AIFZhbHVlPSJVMkZoYzE5QmRYUm9aVzUwYVdOaGRHbHZiZz09Ii8%2BPHNhbWw6QXR0cmlidXRlIE5h%0D%0AbWU9IlBBUkFNX0RFU1RDSEFOTkVMX0lERU5USUZJRVIiIFZhbHVlPSJUVTlDU1V4RiIvPjxzYW1s%0D%0AOkF0dHJpYnV0ZSBOYW1lPSJQQVJBTV9ERVNUbG9jYWxlIiBWYWx1ZT0ick8wQUJYTnlBQkJxWVha%0D%0AaExuVjBhV3d1VEc5allXeGxmdmdSWUp3dytld0RBQVpKQUFob1lYTm9ZMjlrWlV3QUIyTnZkVzUw%0D%0AY25sMA0KQUJKTWFtRjJZUzlzWVc1bkwxTjBjbWx1Wnp0TUFBcGxlSFJsYm5OcGIyNXpjUUIrQUFG%0D%0ATUFBaHNZVzVuZFdGblpYRUFmZ0FCVEFBRw0KYzJOeWFYQjBjUUIrQUFGTUFBZDJZWEpwWVc1MGNR%0D%0AQitBQUY0Y1AvLy8vOTBBQUJ4QUg0QUEzUUFBbVZ1Y1FCK0FBTnhBSDRBQTNnPSIvPjxzYW1sOkF0%0D%0AdHJpYnV0ZSBOYW1lPSJQQVJBTV9ERVNUVEFSR0VUX0NBTSIgVmFsdWU9Ik16QT0iLz48c2FtbDpB%0D%0AdHRyaWJ1dGUgTmFtZT0iUEFSQU1fREVTVFNBQVNfUkVTT1VSQ0VfVFlQRSIgVmFsdWU9IlUwRkJV%0D%0AMTlTUlUxUFZFVmZVa1ZUVDFWU1EwVT0iLz48c2FtbDpBdHRyaWJ1dGUgTmFtZT0iUEFSQU1fREVT%0D%0AVEVOVElUWUNPTlRFWFQiIFZhbHVlPSJyTzBBQlhOeUFDcGpiMjB1YUhOaVl5NTFabUV1YzJWamRY%0D%0ASnBkSGt1WTI5dVptbG5Ma1Z1ZEdsMGVVTnZiblJsZUhRQUFBQUFBQUFBDQpBUUlBQjB3QUJXRndj%0D%0ARWxFZEFBU1RHcGhkbUV2YkdGdVp5OVRkSEpwYm1jN1RBQUpZMmhoYm01bGJFbEVjUUIrQUFGTUFB%0D%0AVmtaV3hwDQpiWEVBZmdBQlRBQUlaR1YyYVdObFNVUnhBSDRBQVV3QUJtUnZiV0ZwYm5FQWZnQUJU%0D%0AQUFLWlc1MGFYUjVRMjlrWlhFQWZnQUJUQUFQDQpaM0p2ZFhCTlpXMWlaWEpEYjJSbGNRQitBQUY0%0D%0AY0hRQUIwTkJYMGhMUWtOMEFBWk5UMEpKVEVWMEFBRTZkQUFBY1FCK0FBWjBBQUpEDQpRWFFBQkVo%0D%0ATFFrTT0iLz48L3NhbWw6QXR0cmlidXRlU3RhdGVtZW50Pjwvc2FtbDpBc3NlcnRpb24%2B%0D%0A","enabled":true},{"key":"saas_ip","value":"hkg2vl1813_IP01:Pr0tecthkg2vl1813_IP01@www.hkg2vl1813-hk-security.p2g.netd2.hsbc.com.hk","enabled":true},{"key":"api_gateway","value":"devcluster.api.p2g.netd2.hsbc.com.hk","enabled":true},{"key":"ussr_proxy","value":"/security-hk-release-cert/v1","enabled":true},{"key":"login_username","value":"loan00812","enabled":true},{"key":"rcc_password","value":"memans01","enabled":true},{"key":"memorable","value":"memans","enabled":true},{"key":"client_id","value":"feb620e7c4844a53af947a264a3cbb85","enabled":true},{"key":"client_secret","value":"05d3ad0598e14c8b845E990FB7E0683E","enabled":true},{"key":"country_code","value":"HK","enabled":true},{"key":"group_member_code","value":"HBAP","enabled":true},{"key":"locale","value":"en","enabled":true},{"key":"channel_id","value":"MOBILE","enabled":true},{"key":"saas_token_id","value":"","enabled":true},{"key":"rcc_answer","value":"","enabled":true}]}